{"cameraMode":{"drawMode":0,"name":"Shaded","section":"Shading Mode"},"sceneLighting":true,"audioPlay":false,"sceneViewState":{"m_AlwaysRefresh":false,"showFog":true,"showSkybox":true,"showFlares":true,"showImageEffects":true,"showParticleSystems":true,"showVisualEffectGraphs":true,"m_FxEnabled":true},"in2DMode":false,"pivot":{"x":0.4441252648830414,"y":9.304296493530274,"z":-5.687679290771484},"rotation":{"x":-0.3781152367591858,"y":0.02558370679616928,"z":-0.010377946309745312,"w":-0.9253810048103333},"size":0.9293020367622376,"orthographic":false}